Post Title,Post Score,Post URL,Post Body,Comment Body,Comment Score,Depth
"Trying to find a conservative leaning hospital in Chicago, Illinois",3,https://www.reddit.com/r/hospitals/comments/nk4vu3/trying_to_find_a_conservative_leaning_hospital_in/,"Hello,

&#x200B;

With the recent ""Covair"" sickness hoax, many left-leaning hospitals are pushing microchip implanted vaccines on unsuspecting dems. I have no desire to do medical business with this bunch of lemming-like victims of corporate medical nazism, so if anyone could suggest hospitals that avoid being ""covair pushers"" it would be greatly appreciated!",,,0
,,,,what the fuck?,2,1
,,,,Don't want to go to a liberal hospital trying to push a death cult (vax) or pcr test that is nothing more than subterfuge to enrich the medical industrial complex.  That's whats the fuck.,1,1
,,,,What do you mean what the fuck? I don't want to go to liberal hospitals that keep pushing the covid-19 bullshit,1,1
,,,,He means you are mentally ill.,1,2
,,,,No you are for puporting to know.,1,3
,,,,Yes you are.,1,4
,,,,"There are no political hospitals.

Many hospitals in certain high surge areas are filled up with sick COVID patients right now and are not able to take in patients for non life threatening conditions.  

Check out [this tool](https://www.npr.org/sections/health-shots/2020/12/09/944379919/new-data-reveal-which-hospitals-are-dangerously-full-is-yours) to find counties where congestion is light.  You will have the best luck finding the care you need in a low surge county.

Wherever you do seek care, please treat all of your care workers with courtesy, respect, and gratitude for their service to you and to the community.",1,1
,,,,There is no way this is serious right?,1,1
,,,,"Very serious. I do not support weirdo liberal polices, so I don't want to spend any money with them or give them power over me with their fear-factor style lives....They want to be afraid of a cold, okay, but I don't want an idiot lefty doctor who will try to convince me of such socialist drivel.  I want a doctor whose base principles are sovereignty and personal freedom.  A conservative or even better libertarian hospital would be perfect.",1,2
,,,,"So the 10 million people that have died of covid, have died of a cold?",1,3
,,,,"pretty much.......   Or from the covid injection that big pharma got laws put in place so they couldn't be sued BEFORE the FAKE crisis.  People die from the flu and complications all the time.  Some from the ventilators that doctors executed them with.  Others from miocarditis directly caused by the shot.  So yeah, the flu or elitists who were slick enough to sell you on the death cult. YES, THEY DIED FROM A COLD...STAND BY IT....NO BLEEDING HEART EMOTIONS HERE....I WARNED PEOPLE ON DAY ONE.  Bird flu, ebola, covid, and you fbi bots keep pushing this evil as if reasonable not-genetically-modified-people are actually buying your bs.  Also, END ALL GOVERNMENT while we are at it.  Centralization is EVIL.  Decentralize EVERYTHING.",1,4
,,,,He means you are mentally ill.,1,1
,,,,No you are for puporting to know.,1,2
,,,,Yes you are.,1,3
,,,,"Very serious. I do not support weirdo liberal polices, so I don't want to spend any money with them or give them power over me with their fear-factor style lives....They want to be afraid of a cold, okay, but I don't want an idiot lefty doctor who will try to convince me of such socialist drivel.  I want a doctor whose base principles are sovereignty and personal freedom.  A conservative or even better libertarian hospital would be perfect.",1,1
,,,,"So the 10 million people that have died of covid, have died of a cold?",1,2
,,,,"pretty much.......   Or from the covid injection that big pharma got laws put in place so they couldn't be sued BEFORE the FAKE crisis.  People die from the flu and complications all the time.  Some from the ventilators that doctors executed them with.  Others from miocarditis directly caused by the shot.  So yeah, the flu or elitists who were slick enough to sell you on the death cult. YES, THEY DIED FROM A COLD...STAND BY IT....NO BLEEDING HEART EMOTIONS HERE....I WARNED PEOPLE ON DAY ONE.  Bird flu, ebola, covid, and you fbi bots keep pushing this evil as if reasonable not-genetically-modified-people are actually buying your bs.  Also, END ALL GOVERNMENT while we are at it.  Centralization is EVIL.  Decentralize EVERYTHING.",1,3
,,,,No you are for puporting to know.,1,1
,,,,Yes you are.,1,2
,,,,"So the 10 million people that have died of covid, have died of a cold?",1,1
,,,,"pretty much.......   Or from the covid injection that big pharma got laws put in place so they couldn't be sued BEFORE the FAKE crisis.  People die from the flu and complications all the time.  Some from the ventilators that doctors executed them with.  Others from miocarditis directly caused by the shot.  So yeah, the flu or elitists who were slick enough to sell you on the death cult. YES, THEY DIED FROM A COLD...STAND BY IT....NO BLEEDING HEART EMOTIONS HERE....I WARNED PEOPLE ON DAY ONE.  Bird flu, ebola, covid, and you fbi bots keep pushing this evil as if reasonable not-genetically-modified-people are actually buying your bs.  Also, END ALL GOVERNMENT while we are at it.  Centralization is EVIL.  Decentralize EVERYTHING.",1,2
,,,,Yes you are.,1,1
,,,,"pretty much.......   Or from the covid injection that big pharma got laws put in place so they couldn't be sued BEFORE the FAKE crisis.  People die from the flu and complications all the time.  Some from the ventilators that doctors executed them with.  Others from miocarditis directly caused by the shot.  So yeah, the flu or elitists who were slick enough to sell you on the death cult. YES, THEY DIED FROM A COLD...STAND BY IT....NO BLEEDING HEART EMOTIONS HERE....I WARNED PEOPLE ON DAY ONE.  Bird flu, ebola, covid, and you fbi bots keep pushing this evil as if reasonable not-genetically-modified-people are actually buying your bs.  Also, END ALL GOVERNMENT while we are at it.  Centralization is EVIL.  Decentralize EVERYTHING.",1,1
